1,1339,353508
BANUTIZA_DOWN.BMP,3128,0
BANUTIZA_GLOVE.BMP,3128,3128
BANUTIZA_SHOE.BMP,3128,6256
BANUTIZA_UP.BMP,3128,9384
BARAHAJA_DOWN.BMP,3128,12512
BARAHAJA_GLOVE.BMP,3128,15640
BARAHAJA_SHOE.BMP,3128,18768
BARAHAJA_UP.BMP,3128,21896
Castle_Adiz.bmp,3128,25024
Castle_CastlePUSTIKA.bmp,3128,28152
COMMAND_CHEERS.BMP,3128,31280
UI-BHUDHARANI.bmp,3128,34408
UI-CAJCUDHARANI.bmp,3128,37536
UI-DHARANIGHUT.bmp,3128,40664
UI-FOREIGN-REQUEST_AVATI.bmp,3128,43792
UI-FOREIGN-REQUEST_NAYATI.bmp,3128,46920
UI-FOREIGN-REQUEST_RAMATE.bmp,3128,50048
UI-JAPAN_fluteOFmerchant.bmp,3128,53176
UI-MRGENDRADHARANI.bmp,3128,56304
UI-TOTEM_abu.bmp,3128,59432
UI-TOTEM_AppointmentOfGreatBear.bmp,3128,62560
UI-TOTEM_Danba.bmp,3128,65688
UI-TOTEM_mahi.bmp,3128,68816
UI-TOTEM_naru.bmp,3128,71944
UI-TOTEM_StampOfGreatBear.bmp,3128,75072
UI-TOTEM_TalismanOfGodArmy.bmp,3128,78200
UI-TOTEM_WoodDoll.bmp,3128,81328
UI-ZAKUNADHARANI.bmp,3128,84456
UI_1stANNIVERSARY_CHATUPASS01.bmp,3128,87584
UI_1stANNIVERSARY_MAGICBOX01.bmp,3128,90712
UI_1stANNIVERSARY_MAGICHAMMER01.bmp,3128,93840
UI_1stANNIVERSARY_MAGICLAMP01.bmp,3128,96968
UI_1stANNIVERSARY_MAGICLAMP02_32.bmp,3128,100096
UI_1stANNIVERSARY_MAGICPOCKET01.bmp,3128,103224
UI_1stANNIVERSARY_MAGICPOCKET02.bmp,3126,106352
UI_ACC-BELT01.bmp,3128,109478
UI_ACC-BELT02.bmp,3128,112606
UI_ACC-BELT03.bmp,3128,115734
UI_ACC-BELT04.bmp,3128,118862
UI_ACC-BELT05.bmp,3128,121990
UI_ACC-BELT06.bmp,3128,125118
UI_ACC-BRACELET01.bmp,3128,128246
UI_ACC-BRACELET02.bmp,3128,131374
UI_ACC-BRACELET03.bmp,3128,134502
UI_ACC-BRACELET04.bmp,3128,137630
UI_ACC-BRACELET05.bmp,3128,140758
UI_ACC-EARING01.bmp,3128,143886
UI_ACC-EARING02.bmp,3128,147014
UI_ACC-EARING03.bmp,3128,150142
UI_ACC-EARING04.bmp,3128,153270
UI_ACC-EARING05.bmp,3128,156398
UI_ACC-NECKLACE01.bmp,3128,159526
UI_ACC-NECKLACE02.bmp,3128,162654
UI_ACC-NECKLACE03.bmp,3128,165782
UI_ACC-NECKLACE04.bmp,3128,168910
UI_ACC-NECKLACE05.bmp,3128,172038
UI_ACC-NECKLACE06.bmp,3128,175166
UI_ACC-RING01.bmp,3128,178294
UI_ACC-RING02.bmp,3128,181422
UI_ACC-RING03.bmp,3128,184550
UI_ACC-RING04.bmp,3128,187678
UI_ACC-RING05.bmp,3128,190806
UI_ACC-RING06.bmp,3128,193934
UI_ASSISTMAT-ACCURATE.bmp,3128,197062
UI_ASSISTMAT-COLD.bmp,3128,200190
UI_ASSISTMAT-COLD2.bmp,3128,203318
UI_ASSISTMAT-FIRE.bmp,3128,206446
UI_ASSISTMAT-FIRE2.bmp,3128,209574
UI_ASSISTMAT-HEARTCHAKRA.bmp,3128,212702
UI_ASSISTMAT-HIGHMAGICREFINE01.bmp,3128,215830
UI_ASSISTMAT-HIGHMAGICREFINE02.bmp,3128,218958
UI_ASSISTMAT-HIGHMAGICREFINE03.bmp,3128,222086
UI_ASSISTMAT-HIGHMAGICREFINE04.bmp,3128,225214
UI_ASSISTMAT-LOWSTRENGTHREFINE01.bmp,3128,228342
UI_ASSISTMAT-MUSCLECHAKRA.bmp,3128,231470
UI_ASSISTMAT-NERVECHAKRA.bmp,3128,234598
UI_ASSISTMAT-POISON.bmp,3128,237726
UI_ASSISTMAT-POISON2.bmp,3128,240854
UI_ASSISTMAT-SPIRITCHAKRA.bmp,3128,243982
UI_ASSISTMAT-THUNDER.bmp,3128,247110
UI_ASSISTMAT-THUNDER2.bmp,3128,250238
UI_ASSISTMAT-TOTALDAMAGE.bmp,3128,253366
UI_ASSISTMAT-UPGRADEJEWEL01.bmp,3128,256494
UI_ASSISTMAT-UPGRADEJEWEL02.bmp,3128,259622
UI_ASSISTMAT-UPGRADEJEWEL03.bmp,3128,262750
UI_CHARGED_AERIALLYBOMB01.bmp,3128,265878
UI_CHARGED_AERIALLYBOMB02.bmp,3128,269006
UI_CHARGED_AERIALLYBOMB03.bmp,3128,272134
UI_CHARGED_AERIALLYBOMB_B01.bmp,3128,275262
UI_CHARGED_AERIALLYBOMB_B02.bmp,3128,278390
UI_CHARGED_AERIALLYBOMB_M01.bmp,3128,281518
UI_CHARGED_AERIALLYBOMB_M02.bmp,3128,284646
UI_CHARGED_AERIALLYBOMB_S01.bmp,3128,287774
UI_CHARGED_AERIALLYBOMB_S02.bmp,3128,290902
UI_CHARGED_ALLCHAKRAUP_1h.bmp,3128,294030
UI_CHARGED_ALLCHAKRAUP_4h.bmp,3128,297158
UI_CHARGED_ALLCHAKRAUP_MONTH01.bmp,3128,300286
UI_CHARGED_Anahata.bmp,3128,303414
UI_CHARGED_apacayaTP.bmp,3128,306542
UI_CHARGED_ATMANCHARM01.bmp,3128,309670
UI_CHARGED_ATMANCHARM_1h.bmp,3128,312798
UI_CHARGED_ATMANCHARM_4h.bmp,3128,315926
UI_CHARGED_ATMANCHARM_Month01.bmp,3128,319054
UI_CHARGED_AUTOMATIC_RUPHIA_PICK01.bmp,3128,322182
UI_CHARGED_Azakta.bmp,3128,325310
UI_CHARGED_Azna.bmp,3128,328438
UI_CHARGED_BEAUTYSHOP01.bmp,3128,331566
UI_CHARGED_Bhava.bmp,3128,334694
UI_CHARGED_BOMBPACK.bmp,3128,337822
UI_CHARGED_CADORAICHARM01.bmp,3128,340950
UI_CHARGED_cAruzilA_32.bmp,3128,344078
UI_CHARGED_CHAKRAEDIT01.bmp,3128,347206
UI_CHARGED_COMMAND01.bmp,3128,350334
UI_CHARGED_DECKARMA_1h_32.bmp,3128,353462
UI_CHARGED_DECKARMA_4h_32.bmp,3128,356590
UI_CHARGED_ELEMENT_DEGRADE01.bmp,3128,359718
UI_CHARGED_ELEMENT_DEGRADE02.bmp,3128,362846
UI_CHARGED_ENDURANCE_REPAIR01.bmp,3128,365974
UI_CHARGED_GEMS_gAv.bmp,3128,369102
UI_CHARGED_GEM_Avati02.bmp,3128,372230
UI_CHARGED_GEM_Kund_32.bmp,3128,375358
UI_CHARGED_GEM_lamAte02.bmp,3128,378486
UI_CHARGED_GEM_nAyati02.bmp,3128,381614
UI_CHARGED_GEM_SAMPAD01.bmp,3128,384742
UI_CHARGED_GEM_ZAD01.bmp,3128,387870
UI_CHARGED_Harati.bmp,3128,390998
UI_CHARGED_HEARTUP_1h.bmp,3128,394126
UI_CHARGED_HEARTUP_4h.bmp,3128,397254
UI_CHARGED_HIGHLIFEBOOK01.bmp,3128,400382
UI_CHARGED_HIGHLIFEBOOK02.bmp,3128,403510
UI_CHARGED_HIGH_AGNISA 01.bmp,3128,406638
UI_CHARGED_HIGH_AGNISA_1h.bmp,3128,409766
UI_CHARGED_HIGH_AGNISA_4h.bmp,3128,412894
UI_CHARGED_HIGH_AMRITAPANAKA.bmp,3128,416022
UI_CHARGED_HIGH_ANUBABACHARM01.bmp,3128,419150
UI_CHARGED_HIGH_ANUBABACHARM_1h.bmp,3128,422278
UI_CHARGED_HIGH_ANUBABACHARM_4h.bmp,3128,425406
UI_CHARGED_HIGH_ANUBABA_Month01.bmp,3128,428534
UI_CHARGED_HIGH_HIMASA 01.bmp,3128,431662
UI_CHARGED_HIGH_HIMASA_1h.bmp,3128,434790
UI_CHARGED_HIGH_HIMASA_4h.bmp,3128,437918
UI_CHARGED_HIGH_JIBAPUSTIKA01.bmp,3128,441046
UI_CHARGED_HIGH_JIBAPUSTIKA02.bmp,3128,444174
UI_CHARGED_HIGH_JILAKAMAN_B01.bmp,3128,447302
UI_CHARGED_HIGH_JILAKAMAN_B_1h.bmp,3128,450430
UI_CHARGED_HIGH_JILAKAMAN_B_4h.bmp,3128,453558
UI_CHARGED_HIGH_JILAKAMAN_M01.bmp,3128,456686
UI_CHARGED_HIGH_JILAKAMAN_M_1h.bmp,3128,459814
UI_CHARGED_HIGH_JILAKAMAN_M_4h.bmp,3128,462942
UI_CHARGED_HIGH_JILAKAMAN_S01.bmp,3128,466070
UI_CHARGED_HIGH_JILAKAMAN_S_1h.bmp,3128,469198
UI_CHARGED_HIGH_JILAKAMAN_S_4h.bmp,3128,472326
UI_CHARGED_HIGH_MOVESPEEDUP01.bmp,3128,475454
UI_CHARGED_HIGH_MOVESPEEDUP_1h.bmp,3128,478582
UI_CHARGED_HIGH_MOVESPEEDUP_4h.bmp,3128,481710
UI_CHARGED_HIGH_RUSA 01.bmp,3128,484838
UI_CHARGED_HIGH_RUSA_1h.bmp,3128,487966
UI_CHARGED_HIGH_RUSA_4h.bmp,3128,491094
UI_CHARGED_INCIPIENT_SEC.bmp,3128,494222
UI_CHARGED_INDICATION01.bmp,3128,497350
UI_CHARGED_INDICATION02.bmp,3128,500478
UI_CHARGED_INVENTORY_EXTENTION01.bmp,3128,503606
UI_CHARGED_INVENTORY_EXTENTION02.bmp,3128,506734
UI_CHARGED_kaNTha_32.bmp,3128,509862
UI_CHARGED_khazIla.bmp,3128,512990
UI_CHARGED_KRISUNACHARM 01.bmp,3128,516118
UI_CHARGED_lalita_32.bmp,3128,519246
UI_CHARGED_LETTER01.bmp,3128,522374
UI_CHARGED_LETTER02.bmp,3128,525502
UI_CHARGED_LETTER_ACTIVATE 01.bmp,3128,528630
UI_CHARGED_LETTER_UNACTIVATE 01.bmp,3128,531758
UI_CHARGED_LIFEBOOK01.bmp,3128,534886
UI_CHARGED_LIFEBOOK02.bmp,3128,538014
UI_CHARGED_MagicalChange.bmp,3128,541142
UI_CHARGED_MAGICBOX03.bmp,3128,544270
UI_CHARGED_MAGICLAMP03.bmp,3128,547398
UI_CHARGED_MAGICLAMP04.bmp,3128,550526
UI_CHARGED_MAGICLAMP05.bmp,3128,553654
UI_CHARGED_mAla_32.bmp,3128,556782
UI_CHARGED_Manipura.bmp,3128,559910
UI_CHARGED_Manyu.bmp,3128,563038
UI_CHARGED_MINDUP_1h.bmp,3128,566166
UI_CHARGED_MINDUP_4h.bmp,3128,569294
UI_CHARGED_MUSCLEUP_1h.bmp,3128,572422
UI_CHARGED_MUSCLEUP_4h.bmp,3128,575550
UI_CHARGED_NERVESUP_1h.bmp,3128,578678
UI_CHARGED_NERVESUP_4h.bmp,3128,581806
UI_CHARGED_Nilamani.bmp,3128,584934
UI_CHARGED_OmYantra.bmp,3128,588062
UI_CHARGED_PartySummon.bmp,3128,591190
UI_CHARGED_PartySummon_2.bmp,3126,594318
UI_CHARGED_PARTY_PENALLY_CANCEL01.bmp,3128,597444
UI_CHARGED_PICKET01.bmp,3128,600572
UI_CHARGED_PRADAYA.bmp,3128,603700
UI_CHARGED_PrakRti.bmp,3128,606828
UI_CHARGED_Pranaup100p.bmp,3128,609956
UI_CHARGED_Pranaup10p.bmp,3128,613084
UI_CHARGED_PRANAUP2_1h_32.bmp,3128,616212
UI_CHARGED_PRANAUP2_4h_32.bmp,3128,619340
UI_CHARGED_PRANAUP3_4h_32.bmp,3126,622468
UI_CHARGED_Pranaup5p.bmp,3128,625594
UI_CHARGED_PRANAUP_1h_32.bmp,3128,628722
UI_CHARGED_PRANAUP_1h_32_02.bmp,3126,631850
UI_CHARGED_PRANAUP_4h_32.bmp,3128,634976
UI_CHARGED_PREMIUMPACKAGE01.bmp,3128,638104
UI_CHARGED_PREMIUMPACKAGE01_01.bmp,3128,641232
UI_CHARGED_PREMIUMPACKAGE02.bmp,3128,644360
UI_CHARGED_PREMIUMPACKAGE02_01.bmp,3128,647488
UI_CHARGED_PREMIUMPACKAGE03.bmp,3128,650616
UI_CHARGED_PREMIUMPACKAGE03_01.bmp,3128,653744
UI_CHARGED_PREMIUMPACKAGE04.bmp,3128,656872
UI_CHARGED_PREMIUMPACKAGE04_01.bmp,3128,660000
UI_CHARGED_PREMIUMPACKAGE04_B01.bmp,3128,663128
UI_CHARGED_PREMIUMPACKAGE04_BONUS.bmp,3128,666256
UI_CHARGED_QuestReset.bmp,3128,669384
UI_CHARGED_Ragamani.bmp,3128,672512
UI_Charged_resistblind_32.bmp,3128,675640
UI_Charged_resisthold_32.bmp,3128,678768
UI_Charged_resistsleep_32.bmp,3128,681896
UI_Charged_resiststun_32.bmp,3128,685024
UI_CHARGED_Rubati.bmp,3128,688152
UI_CHARGED_sAikha_32.bmp,3128,691280
UI_CHARGED_SEX_EXCHANGE01.bmp,3128,694408
UI_CHARGED_SHOP_EXTENTION01.bmp,3128,697536
UI_CHARGED_SKILLCHAKRA_EDIT01.bmp,3128,700664
UI_CHARGED_SKILLEDIT01.bmp,3128,703792
UI_CHARGED_SPECIALAREA_ENTRANCE01.bmp,3128,706920
UI_CHARGED_TarusRasa.bmp,3128,710048
UI_CHARGED_TenARROW01.bmp,3128,713176
UI_Charged_Tpatman .bmp,3128,716304
UI_CHARGED_UTARA_AMRITA250_01.bmp,3128,719432
UI_CHARGED_UTARA_hpUP.bmp,3126,722560
UI_CHARGED_UTARA_PANAKA250_01.bmp,3128,725686
UI_CHARGED_UTARA_tpUP.bmp,3126,728814
UI_CHARGED_varUtha.bmp,3128,731940
UI_CHARGED_VIHRTI.bmp,3128,735068
UI_CHARGED_Vikaari.bmp,3128,738196
UI_CHARGED_Visajan.bmp,3128,741324
UI_CHARGED_Vishuda.bmp,3128,744452
UI_CHARGED_YogaRasa.bmp,3128,747580
UI_Charge_15dayinven.bmp,3126,750708
UI_Charge_30dayinven.bmp,3126,753834
UI_Charge_5dayinven.bmp,3126,756960
UI_CHATU-ASUBA.bmp,3128,760086
UI_CHATU-ASUBA_CAYA-01.bmp,3128,763214
UI_CHATU-BOARD.bmp,3128,766342
UI_CHATU-BOARD_CAYA-01.bmp,3128,769470
UI_CHATU-GAJA.bmp,3128,772598
UI_CHATU-GAJA_CAYA-01.bmp,3128,775726
UI_CHATU-MANTRI.bmp,3128,778854
UI_CHATU-MANTRI_CAYA-01.bmp,3128,781982
UI_CHATU-PEDATI.bmp,3128,785110
UI_CHATU-PEDATI_CAYA-01.bmp,3128,788238
UI_CHATU-RADA.bmp,3128,791366
UI_CHATU-RADA_CAYA-01.bmp,3128,794494
UI_CHATU-RAJA  PRATIMA.bmp,3128,797622
UI_CHATU-RAJA_PRATIMA_CAYA-01.bmp,3128,800750
UI_Clothes_Mhanbok.bmp,3126,803878
UI_Clothes_nenaH.bmp,3128,807004
UI_Clothes_nenaMk.bmp,3128,810132
UI_Clothes_Whanbok.bmp,3126,813260
UI_COMMAND_Pet_32.bmp,3126,816386
UI_CONSUME-ABILITYUP01.bmp,3128,819512
UI_CONSUME-ABILITYUP02.bmp,3128,822640
UI_CONSUME-ARROW.bmp,3128,825768
UI_CONSUME-ATTACKSPEEDUP01.bmp,3128,828896
UI_CONSUME-CASTINGFAILDOWN01.bmp,3128,832024
UI_CONSUME-CASTINGSPEEDUP01.bmp,3128,835152
UI_CONSUME-DEFENCEUP01.bmp,3128,838280
UI_CONSUME-DEFENCEUP02.bmp,3128,841408
UI_CONSUME-DEFENCEUP03.bmp,3128,844536
UI_CONSUME-event_bell01.bmp,3128,847664
UI_CONSUME-event_biggiftbox01.bmp,3128,850792
UI_CONSUME-event_lightgiftbox01.bmp,3128,853920
UI_CONSUME-event_ribon01.bmp,3128,857048
UI_CONSUME-event_santacard01.bmp,3128,860176
UI_CONSUME-event_smallgiftbox01.bmp,3128,863304
UI_CONSUME-event_star01.bmp,3128,866432
UI_CONSUME-event_stick01.bmp,3128,869560
UI_CONSUME-event_tree01.bmp,3128,872688
UI_CONSUME-event_xmastreebig01.bmp,3128,875816
UI_CONSUME-event_xmastreesmall01.bmp,3128,878944
UI_CONSUME-FIVEARROW01.bmp,3128,882072
UI_CONSUME-hpUP01.bmp,3128,885200
UI_CONSUME-hpUP02.bmp,3128,888328
UI_CONSUME-hpUP03.bmp,3128,891456
UI_CONSUME-hpUP04.bmp,3128,894584
UI_CONSUME-hpUP05.bmp,3128,897712
UI_CONSUME-JIBAPUSTICA.BMP,3128,900840
UI_CONSUME-LIFEJEWEL.BMP,3128,903968
UI_CONSUME-MOVEORDER.bmp,3128,907096
UI_CONSUME-MOVESPEEDUP01.bmp,3128,910224
UI_CONSUME-POISONRETURN01.bmp,3128,913352
UI_CONSUME-RESISTUP01.bmp,3128,916480
UI_CONSUME-RESISTUP02.bmp,3128,919608
UI_CONSUME-RESISTUP03.bmp,3128,922736
UI_CONSUME-STATUSRETURN01.bmp,3128,925864
UI_CONSUME-THREEARROW01.bmp,3128,928992
UI_CONSUME-tpUP01.bmp,3128,932120
UI_CONSUME-tpUP02.bmp,3128,935248
UI_CONSUME-tpUP03.bmp,3128,938376
UI_CONSUME-tpUP04.bmp,3128,941504
UI_CONSUME-tpUP05.bmp,3128,944632
UI_CONSUME_ChangeGod1.bmp,3128,947760
UI_CONSUME_ChangeGod1_2.bmp,3126,950888
UI_CONSUME_ChangeGod2.bmp,3128,954014
UI_CONSUME_ChangeGod2_2.bmp,3126,957142
UI_CONSUME_ChangeGod3.bmp,3128,960268
UI_CONSUME_ChangeGod3_2.bmp,3126,963396
UI_Consume_HPup06 .bmp,3128,966522
UI_Consume_HPup07 .bmp,3128,969650
UI_CONSUME_RemPustika.bmp,3128,972778
UI_Consume_TPup06 .bmp,3128,975906
UI_Consume_TPup07 .bmp,3128,979034
UI_DEFENCE-CLOTH01.bmp,3128,982162
UI_DEFENCE-CLOTH02.bmp,3128,985290
UI_DEFENCE-CLOTH03.bmp,3128,988418
UI_DEFENCE-CLOTH04.bmp,3128,991546
UI_DEFENCE-CLOTH05.bmp,3128,994674
UI_DEFENCE-CLOTH06.bmp,3128,997802
UI_DEFENCE-CLOTH07.bmp,3128,1000930
UI_DEFENCE-CLOTH08.bmp,3128,1004058
UI_DEFENCE-CLOTH09.bmp,3128,1007186
UI_DEFENCE-CLOTH10.bmp,3128,1010314
UI_DEFENCE-CLOTH11.bmp,3128,1013442
UI_DEFENCE-CLOTH12.bmp,3128,1016570
UI_DEFENCE-CLOTH13.bmp,3128,1019698
UI_DEFENCE-CLOTH14.bmp,3128,1022826
UI_DEFENCE-CLOTH15.bmp,3128,1025954
UI_DEFENCE-CLOTH16.bmp,3128,1029082
UI_DEFENCE-CLOTH17.bmp,3128,1032210
UI_DEFENCE-CLOTH18.bmp,3128,1035338
UI_DEFENCE-CLOTH19.bmp,3128,1038466
UI_DEFENCE-CLOTH20.bmp,3128,1041594
UI_DEFENCE-CLOTH21.bmp,3128,1044722
UI_DEFENCE-CLOTH22.bmp,3128,1047850
UI_DEFENCE-CLOTH23.bmp,3128,1050978
UI_DEFENCE-CLOTH24.bmp,3128,1054106
UI_DEFENCE-CLOTH25.bmp,3128,1057234
UI_DEFENCE-CLOTH26.bmp,3128,1060362
UI_DEFENCE-CLOTH27.bmp,3128,1063490
UI_DEFENCE-CLOTH28.bmp,3128,1066618
UI_DEFENCE-CLOTH29.bmp,3128,1069746
UI_DEFENCE-CLOTH_Artha.bmp,3128,1072874
UI_DEFENCE-CLOTH_KAryArthin.bmp,3128,1076002
UI_DEFENCE-CLOTH_Varmika.bmp,3128,1079130
UI_DEFENCE-CLOTH_ZukravAsas.bmp,3128,1082258
UI_DEFENCE-HAT01.bmp,3128,1085386
UI_DEFENCE-HAT02.bmp,3128,1088514
UI_DEFENCE-HAT03.bmp,3128,1091642
UI_DEFENCE-HAT04.bmp,3128,1094770
UI_DEFENCE-HAT05.bmp,3128,1097898
UI_DEFENCE-HAT06.bmp,3128,1101026
UI_DEFENCE-HAT07.bmp,3128,1104154
UI_DEFENCE-HAT08.bmp,3128,1107282
UI_DEFENCE-HAT09.bmp,3128,1110410
UI_DEFENCE-HAT10.bmp,3128,1113538
UI_DEFENCE-HAT11.bmp,3128,1116666
UI_DEFENCE-HAT12.bmp,3128,1119794
UI_DEFENCE-HAT13.bmp,3128,1122922
UI_DEFENCE-HAT14.bmp,3128,1126050
UI_DEFENCE-HAT15.bmp,3128,1129178
UI_DEFENCE-HAT16.bmp,3128,1132306
UI_DEFENCE-HAT17.bmp,3128,1135434
UI_DEFENCE-HAT18.bmp,3128,1138562
UI_DEFENCE-HAT19.bmp,3128,1141690
UI_DEFENCE-HAT20.bmp,3128,1144818
UI_DEFENCE-HAT21.bmp,3128,1147946
UI_DEFENCE-HAT22.bmp,3128,1151074
UI_DEFENCE-HAT23.bmp,3128,1154202
UI_DEFENCE-HAT24.bmp,3128,1157330
UI_DEFENCE-HAT_Artha.bmp,3128,1160458
UI_DEFENCE-HAT_KAryArthin.bmp,3128,1163586
UI_DEFENCE-HAT_Varmika.bmp,3128,1166714
UI_DEFENCE-HAT_ZukravAsas.bmp,3128,1169842
UI_DEFENCE-SHOE01.bmp,3128,1172970
UI_DEFENCE-SHOE02.bmp,3128,1176098
UI_DEFENCE-SHOE03.bmp,3128,1179226
UI_DEFENCE-SHOE04.bmp,3128,1182354
UI_DEFENCE-SHOE05.bmp,3128,1185482
UI_DEFENCE-SHOE06.bmp,3128,1188610
UI_DEFENCE-SHOE07.bmp,3128,1191738
UI_DEFENCE-SHOE08.bmp,3128,1194866
UI_DEFENCE-SHOE09.bmp,3128,1197994
UI_DEFENCE-SHOE10.bmp,3128,1201122
UI_DEFENCE-SHOE11.bmp,3128,1204250
UI_DEFENCE-SHOE12.bmp,3128,1207378
UI_DEFENCE-SHOE13.bmp,3128,1210506
UI_DEFENCE-SHOE14.bmp,3128,1213634
UI_DEFENCE-SHOE_Artha.bmp,3128,1216762
UI_DEFENCE-SHOE_KAryArthin.bmp,3128,1219890
UI_DEFENCE-SHOE_Varmika.bmp,3128,1223018
UI_DEFENCE-SHOE_ZukravAsas.bmp,3128,1226146
UI_DEFENCE-Trimuriti_BRAHMA_HAT01.bmp,3128,1229274
UI_DEFENCE-Trimuriti_SIVA_HAT01.bmp,3128,1232402
UI_DEFENCE-Trimuriti_VISNU_HAT01.bmp,3128,1235530
UI_DEFENCE-VISNU_HAT01.bmp,3128,1238658
UI_DEFENCE_ARMOR_asura.bmp,3126,1241786
UI_DEFENCE_ARMOR_deva.bmp,3126,1244912
UI_DEFENCE_ARMOR_ganda.bmp,3126,1248038
UI_DEFENCE_ARMOR_naga.bmp,3126,1251164
UI_DEFENCE_CLOTH_adhl.bmp,3128,1254290
UI_DEFENCE_CLOTH_Amukti.bmp,3126,1257418
UI_DEFENCE_CLOTH_bAhula.bmp,3126,1260544
UI_DEFENCE_CLOTH_citta.bmp,3128,1263670
UI_DEFENCE_CLOTH_guDa.bmp,3126,1266798
UI_DEFENCE_CLOTH_jagara.bmp,3126,1269924
UI_DEFENCE_CLOTH_pezl.bmp,3128,1273050
UI_DEFENCE_CLOTH_sphur.bmp,3128,1276178
UI_DEFENCE_GLOVE01.bmp,3128,1279306
UI_DEFENCE_GLOVE02.bmp,3128,1282434
UI_DEFENCE_GLOVE03.bmp,3128,1285562
UI_DEFENCE_GLOVE04.bmp,3128,1288690
UI_DEFENCE_GLOVE05.bmp,3128,1291818
UI_DEFENCE_GLOVE06.bmp,3128,1294946
UI_DEFENCE_GLOVE07.bmp,3128,1298074
UI_DEFENCE_GLOVE08.bmp,3128,1301202
UI_DEFENCE_GLOVE09.bmp,3128,1304330
UI_DEFENCE_GLOVE10.bmp,3128,1307458
UI_DEFENCE_GLOVE11.bmp,3128,1310586
UI_DEFENCE_GLOVE12.bmp,3128,1313714
UI_DEFENCE_GLOVE13.bmp,3128,1316842
UI_DEFENCE_GLOVE14.bmp,3128,1319970
UI_DEFENCE_GLOVE15.bmp,3128,1323098
UI_DEFENCE_GLOVE16.bmp,3128,1326226
UI_DEFENCE_GLOVE17.bmp,3128,1329354
UI_DEFENCE_GLOVE18.bmp,3128,1332482
UI_DEFENCE_GLOVE19.bmp,3128,1335610
UI_DEFENCE_GLOVE20.bmp,3128,1338738
UI_DEFENCE_GLOVE21.bmp,3128,1341866
UI_DEFENCE_GLOVE22.bmp,3128,1344994
UI_DEFENCE_GLOVE23.bmp,3128,1348122
UI_DEFENCE_GLOVE24.bmp,3128,1351250
UI_DEFENCE_GLOVE25.bmp,3128,1354378
UI_DEFENCE_GLOVE26.bmp,3128,1357506
UI_DEFENCE_GLOVE27.bmp,3128,1360634
UI_DEFENCE_GLOVE_adhl.bmp,3128,1363762
UI_DEFENCE_GLOVE_Amukti.bmp,3126,1366890
UI_DEFENCE_GLOVE_Artha.bmp,3128,1370016
UI_DEFENCE_GLOVE_asura.bmp,3126,1373144
UI_DEFENCE_GLOVE_bAhula.bmp,3126,1376270
UI_DEFENCE_GLOVE_citta.bmp,3128,1379396
UI_DEFENCE_GLOVE_deva.bmp,3126,1382524
UI_DEFENCE_GLOVE_ganda.bmp,3126,1385650
UI_DEFENCE_GLOVE_guDa.bmp,3126,1388776
UI_DEFENCE_GLOVE_jagara.bmp,3126,1391902
UI_DEFENCE_GLOVE_KAryArthin.bmp,3128,1395028
UI_DEFENCE_GLOVE_naga.bmp,3126,1398156
UI_DEFENCE_GLOVE_pezl.bmp,3128,1401282
UI_DEFENCE_GLOVE_sphur.bmp,3128,1404410
UI_DEFENCE_GLOVE_Varmika.bmp,3128,1407538
UI_DEFENCE_GLOVE_ZukravAsas.bmp,3128,1410666
UI_DEFENCE_HAT_adhl.bmp,3128,1413794
UI_DEFENCE_HAT_Amukti.bmp,3126,1416922
UI_DEFENCE_HAT_bAhula.bmp,3126,1420048
UI_DEFENCE_HAT_citta.bmp,3128,1423174
UI_DEFENCE_HAT_guDa.bmp,3126,1426302
UI_DEFENCE_HAT_jagara.bmp,3126,1429428
UI_DEFENCE_HAT_pezl.bmp,3128,1432554
UI_DEFENCE_HAT_sphur.bmp,3128,1435682
UI_DEFENCE_HEAD_asura.bmp,3126,1438810
UI_DEFENCE_HEAD_deva.bmp,3126,1441936
UI_DEFENCE_HEAD_ganda.bmp,3126,1445062
UI_DEFENCE_HEAD_naga.bmp,3126,1448188
UI_DEFENCE_PANTS_adhl.bmp,3128,1451314
UI_DEFENCE_PANTS_Amukti.bmp,3126,1454442
UI_DEFENCE_PANTS_asura.bmp,3126,1457568
UI_DEFENCE_PANTS_bAhula.bmp,3126,1460694
UI_DEFENCE_PANTS_citta.bmp,3128,1463820
UI_DEFENCE_PANTS_deva.bmp,3126,1466948
UI_DEFENCE_PANTS_ganda.bmp,3126,1470074
UI_DEFENCE_PANTS_guDa.bmp,3126,1473200
UI_DEFENCE_PANTS_jagara.bmp,3126,1476326
UI_DEFENCE_PANTS_naga.bmp,3126,1479452
UI_DEFENCE_PANTS_pezl.bmp,3128,1482578
UI_DEFENCE_PANTS_sphur.bmp,3128,1485706
UI_DEFENCE_SHIELD01.bmp,3128,1488834
UI_DEFENCE_SHIELD02.bmp,3128,1491962
UI_DEFENCE_SHIELD03.bmp,3128,1495090
UI_DEFENCE_SHIELD04.bmp,3128,1498218
UI_DEFENCE_SHIELD05.bmp,3128,1501346
UI_DEFENCE_SHIELD06.bmp,3128,1504474
UI_DEFENCE_SHIELD07.bmp,3128,1507602
UI_DEFENCE_SHIELD08.bmp,3128,1510730
UI_DEFENCE_SHIELD09.bmp,3128,1513858
UI_DEFENCE_SHIELD14.bmp,3126,1516986
UI_DEFENCE_SHIELDX1.bmp,3128,1520112
UI_DEFENCE_SHIELDX2.bmp,3128,1523240
UI_DEFENCE_SHOES_adhl.bmp,3128,1526368
UI_DEFENCE_SHOES_Amukti.bmp,3126,1529496
UI_DEFENCE_SHOES_asura.bmp,3126,1532622
UI_DEFENCE_SHOES_bAhula.bmp,3126,1535748
UI_DEFENCE_SHOES_citta.bmp,3128,1538874
UI_DEFENCE_SHOES_deva.bmp,3126,1542002
UI_DEFENCE_SHOES_ganda.bmp,3126,1545128
UI_DEFENCE_SHOES_guDa.bmp,3126,1548254
UI_DEFENCE_SHOES_jagara.bmp,3126,1551380
UI_DEFENCE_SHOES_naga.bmp,3126,1554506
UI_DEFENCE_SHOES_pezl.bmp,3128,1557632
UI_DEFENCE_SHOES_sphur.bmp,3128,1560760
UI_DEFENCE_TROUSERS01.bmp,3128,1563888
UI_DEFENCE_TROUSERS02.bmp,3128,1567016
UI_DEFENCE_TROUSERS03.bmp,3128,1570144
UI_DEFENCE_TROUSERS04.bmp,3128,1573272
UI_DEFENCE_TROUSERS05.bmp,3128,1576400
UI_DEFENCE_TROUSERS06.bmp,3128,1579528
UI_DEFENCE_TROUSERS07.bmp,3128,1582656
UI_DEFENCE_TROUSERS08.bmp,3128,1585784
UI_DEFENCE_TROUSERS09.bmp,3128,1588912
UI_DEFENCE_TROUSERS10.bmp,3128,1592040
UI_DEFENCE_TROUSERS11.bmp,3128,1595168
UI_DEFENCE_TROUSERS12.bmp,3128,1598296
UI_DEFENCE_TROUSERS13.bmp,3128,1601424
UI_DEFENCE_TROUSERS14.bmp,3128,1604552
UI_DEFENCE_TROUSERS15.bmp,3128,1607680
UI_DEFENCE_TROUSERS16.bmp,3128,1610808
UI_DEFENCE_TROUSERS17.bmp,3128,1613936
UI_DEFENCE_TROUSERS18.bmp,3128,1617064
UI_DEFENCE_TROUSERS19.bmp,3128,1620192
UI_DEFENCE_TROUSERS20.bmp,3128,1623320
UI_DEFENCE_TROUSERS21.bmp,3128,1626448
UI_DEFENCE_TROUSERS22.bmp,3128,1629576
UI_DEFENCE_TROUSERS23.bmp,3128,1632704
UI_DEFENCE_TROUSERS24.bmp,3128,1635832
UI_DEFENCE_TROUSERS25.bmp,3128,1638960
UI_DEFENCE_TROUSERS26.bmp,3128,1642088
UI_DEFENCE_TROUSERS27.bmp,3128,1645216
UI_DEFENCE_TROUSERS_Artha.bmp,3128,1648344
UI_DEFENCE_TROUSERS_KAryArthin.bmp,3128,1651472
UI_DEFENCE_TROUSERS_Varmika.bmp,3128,1654600
UI_DEFENCE_TROUSERS_ZukravAsas.bmp,3128,1657728
UI_DEFENSE_15th_Shield.bmp,3128,1660856
UI_DEFENSE_16th_Shield.bmp,3128,1663984
UI_DEFENSE_ARMOR_RARE01.bmp,3126,1667112
UI_DEFENSE_ARMOR_RARE02.bmp,3126,1670238
UI_DEFENSE_ARMOR_RARE03.bmp,3126,1673364
UI_DEFENSE_ARMOR_RARE04.bmp,3126,1676490
UI_DEFENSE_ASU15th_Armor.bmp,3126,1679616
UI_DEFENSE_ASU15th_Boots.bmp,3126,1682742
UI_DEFENSE_ASU15th_Hand.bmp,3126,1685868
UI_DEFENSE_ASU15th_Helm.bmp,3128,1688994
UI_DEFENSE_ASU15th_Pants.bmp,3126,1692122
UI_DEFENSE_BELT_RARE01.bmp,3126,1695248
UI_DEFENSE_BELT_RARE02.bmp,3126,1698374
UI_DEFENSE_BELT_RARE03.bmp,3126,1701500
UI_DEFENSE_BELT_RARE04.bmp,3126,1704626
UI_DEFENSE_DEVA15th_Armor.bmp,3126,1707752
UI_DEFENSE_DEVA15th_Boots.bmp,3126,1710878
UI_DEFENSE_DEVA15th_Hand.bmp,3126,1714004
UI_DEFENSE_DEVA15th_Helm.bmp,3128,1717130
UI_DEFENSE_DEVA15th_Pants.bmp,3126,1720258
UI_DEFENSE_GAN15th_Armor.bmp,3126,1723384
UI_DEFENSE_GAN15th_Boots.bmp,3126,1726510
UI_DEFENSE_GAN15th_Hand.bmp,3126,1729636
UI_DEFENSE_GAN15th_Helm.bmp,3128,1732762
UI_DEFENSE_GAN15th_Pants.bmp,3126,1735890
UI_DEFENSE_GLOVES_RARE01.bmp,3126,1739016
UI_DEFENSE_GLOVES_RARE02.bmp,3126,1742142
UI_DEFENSE_GLOVES_RARE04.bmp,3126,1745268
UI_DEFENSE_GLOVE_RARE03.bmp,3126,1748394
UI_DEFENSE_HEAD_RARE01.bmp,3126,1751520
UI_DEFENSE_HEAD_RARE02.bmp,3126,1754646
UI_DEFENSE_HEAD_RARE03.bmp,3126,1757772
UI_DEFENSE_HEAD_RARE04.bmp,3126,1760898
UI_DEFENSE_NAGA15th_Armor.bmp,3126,1764024
UI_DEFENSE_NAGA15th_Boots.bmp,3126,1767150
UI_DEFENSE_NAGA15th_Hand.bmp,3126,1770276
UI_DEFENSE_NAGA15th_Helm.bmp,3128,1773402
UI_DEFENSE_NAGA15th_Pants.bmp,3126,1776530
UI_DEFENSE_PANTS_RARE01.bmp,3126,1779656
UI_DEFENSE_PANTS_RARE02.bmp,3126,1782782
UI_DEFENSE_PANTS_RARE03.bmp,3126,1785908
UI_DEFENSE_PANTS_RARE04.bmp,3126,1789034
UI_Defense_Rare_Shield.bmp,3128,1792160
UI_DEFENSE_SHIELD_kavAsa.bmp,3126,1795288
UI_DEFENSE_SHIELD_kheTa.bmp,3128,1798414
UI_DEFENSE_SHOES_RARE01.bmp,3126,1801542
UI_DEFENSE_SHOES_RARE02.bmp,3126,1804668
UI_DEFENSE_SHOES_RARE03.bmp,3126,1807794
UI_DEFENSE_SHOES_RARE04.bmp,3126,1810920
UI_Druga_DG_ancientbook.bmp,3128,1814046
UI_Druga_DG_bead.bmp,3128,1817174
UI_Druga_DG_charm.bmp,3128,1820302
UI_Druga_DG_crystalbead.bmp,3128,1823430
UI_Druga_DG_magicalpaper.bmp,3128,1826558
UI_Druga_DG_scriptures.bmp,3128,1829686
UI_Druga_DG_smallbead.bmp,3128,1832814
UI_Druga_DG_stringbeads.bmp,3128,1835942
UI_EVENT_6600VGACard.bmp,3128,1839070
UI_Event_amrita900.bmp,3126,1842198
UI_EVENT_Anandi_G.bmp,3128,1845324
UI_Event_autumn_01.bmp,3128,1848452
UI_EVENT_beautyshop02.bmp,3128,1851580
UI_Event_Bhuti.bmp,3126,1854708
UI_Event_Candle.bmp,3128,1857834
UI_EVENT_cANdra.bmp,3128,1860962
UI_Event_candy.bmp,3128,1864090
UI_EVENT_Chad.bmp,3128,1867218
UI_EVENT_ChadCut.bmp,3128,1870346
UI_Event_change01_32.bmp,3128,1873474
UI_Event_change02_32.bmp,3128,1876602
UI_Event_charm_32.bmp,3128,1879730
UI_Event_China.bmp,3128,1882858
UI_EVENT_CHOCOLATE01.bmp,3128,1885986
UI_Event_Coupon.bmp,3126,1889114
UI_Event_crystalbead_32.bmp,3128,1892240
UI_Event_Curry_32.bmp,3128,1895368
UI_EVENT_DDUCKGUK_01.bmp,3128,1898496
UI_Event_DhevvukA_G.bmp,3128,1901624
UI_Event_Easteregg.bmp,3128,1904752
UI_EVENT_football.bmp,3128,1907880
UI_EVENT_GHOST.bmp,3128,1911008
UI_Event_GhostCard01.bmp,3128,1914136
UI_Event_GhostCard02.bmp,3128,1917264
UI_Event_GhostCard03.bmp,3128,1920392
UI_Event_GhostCard04.bmp,3128,1923520
UI_Event_GhostCard05.bmp,3128,1926648
UI_EVENT_GMcoupon01.bmp,3128,1929776
UI_Event_hanbok.bmp,3126,1932904
UI_EVENT_himita.bmp,3128,1936030
UI_EVENT_itara.bmp,3128,1939158
UI_EVENT_IWANTIT01.bmp,3128,1942286
UI_Event_JapanA.bmp,3126,1945414
UI_Event_JapanB.bmp,3126,1948540
UI_Event_JapanC.bmp,3126,1951666
UI_EVENT_Kaliyamon_G.bmp,3128,1954792
UI_EVENT_Ketupat_32.bmp,3128,1957920
UI_Event_LuckyMon.bmp,3126,1961048
UI_Event_magicbox04_32.bmp,3128,1964174
UI_Event_magicbox05_32.bmp,3128,1967302
UI_Event_microsoundCP.bmp,3126,1970430
UI_EVENT_MOZZI.bmp,3128,1973556
UI_EVENT_Opencargo_G.bmp,3128,1976684
UI_EVENT_OporAyam_32.bmp,3128,1979812
UI_EVENT_PASSITEM01.bmp,3126,1982940
UI_EVENT_PASSITEM02.bmp,3126,1986066
UI_EVENT_PASSITEM03.bmp,3126,1989192
UI_EVENT_PASSITEM04.bmp,3126,1992318
UI_EVENT_PEPERO01.bmp,3128,1995444
UI_Event_PieceofArmor.bmp,3128,1998572
UI_EVENT_REDROSE01.bmp,3128,2001700
UI_Event_Refine03.bmp,3126,2004828
UI_Event_ricecake2.bmp,3128,2007954
UI_Event_Sakura_L_32.bmp,3128,2011082
UI_Event_Sakura_S_32.bmp,3128,2014210
UI_Event_scriptures_32.bmp,3128,2017338
UI_Event_ScrollQuestcash_32.bmp,3126,2020466
UI_Event_ScrollQuestfree_32.bmp,3126,2023592
UI_EVENT_sherbet.bmp,3128,2026718
UI_EVENT_Shinwha.bmp,3128,2029846
UI_Event_socks.bmp,3128,2032974
UI_Event_Sprint_01.bmp,3128,2036102
UI_Event_stringbeads_32.bmp,3128,2039230
UI_Event_Summer_01.bmp,3128,2042358
UI_Event_Tambula.bmp,3128,2045486
UI_EVENT_TREASUREBOX01.bmp,3128,2048614
UI_EVENT_TREASUREBOX02.bmp,3128,2051742
UI_EVENT_TREASUREBOX03.bmp,3128,2054870
UI_Event_Uparuh_G.bmp,3128,2057998
UI_EVENT_UtaraAmrita02.bmp,3128,2061126
UI_EVENT_Waterbox01.bmp,3128,2064254
UI_EVENT_WEDDINGRING01.bmp,3128,2067382
UI_EVENT_WHITEROSE01.bmp,3128,2070510
UI_Event_Winter_01.bmp,3128,2073638
UI_EVENT_YUTNORI_DO01.bmp,3128,2076766
UI_EVENT_YUTNORI_GAE01.bmp,3128,2079894
UI_EVENT_YUTNORI_GUL01.bmp,3128,2083022
UI_EVENT_YUTNORI_MO01.bmp,3128,2086150
UI_EVENT_YUTNORI_YUT01.bmp,3128,2089278
UI_EVENT_YUTNORI_YUTGARAK01.bmp,3128,2092406
UI_Fortress_1stKaustubam.bmp,3128,2095534
UI_Fortress_2ndKaustubam.bmp,3128,2098662
UI_Fortress_3rdKaustubam.bmp,3128,2101790
UI_Fortress_4thKaustubam.bmp,3128,2104918
UI_Fortress_CompletionKaustubam.bmp,3128,2108046
UI_Fortress_FortressPUSTIKA.bmp,2816,2111174
UI_GATHERACC-ARMLET01.bmp,3128,2113990
UI_GATHERACC-ARMLET02.bmp,3128,2117118
UI_GATHERACC-ARMLET03.bmp,3128,2120246
UI_GATHERACC-ARMLET04.bmp,3128,2123374
UI_GATHERACC-ARMLET05.bmp,3128,2126502
UI_GATHERACC-BELT01.bmp,3128,2129630
UI_GATHERACC-BELT02.bmp,3128,2132758
UI_GATHERACC-BELT03.bmp,3128,2135886
UI_GATHERACC-NECKLACE01.bmp,3128,2139014
UI_GATHERACC-NECKLACE02.bmp,3128,2142142
UI_GATHERACC-NECKLACE03.bmp,3128,2145270
UI_GATHERACC-NECKLACE04.bmp,3128,2148398
UI_GATHERACC-NECKLACE05.bmp,3128,2151526
UI_GATHERITEM-DRAGONSKIN.bmp,3128,2154654
UI_GATHERITEM-MAGICBOOK01.bmp,3128,2157782
UI_GATHERITEM-MAGICBOOK02.bmp,3128,2160910
UI_GATHERMAT-ArmorDecoration.bmp,3128,2164038
UI_GATHERMAT-ArmorFrame.bmp,3128,2167166
UI_GATHERMAT-ArmorOver.bmp,3128,2170294
UI_GATHERMAT-ArmorUnder.bmp,3128,2173422
UI_GATHERMAT-ARTIFACIALTOOTH 01.bmp,3128,2176550
UI_GATHERMAT-AXEHANDLE 01.bmp,3128,2179678
UI_GATHERMAT-BACKSKIN01.BMP,3128,2182806
UI_GATHERMAT-BACKSKIN02.BMP,3128,2185934
UI_GATHERMAT-Bamboopole.bmp,3128,2189062
UI_GATHERMAT-BATWING 01.bmp,3128,2192190
UI_GATHERMAT-BATWING 02.bmp,3128,2195318
UI_GATHERMAT-Blackgunpowder.bmp,3128,2198446
UI_GATHERMAT-BLOODHAND 01.bmp,3128,2201574
UI_GATHERMAT-BRANCH 01.bmp,3128,2204702
UI_GATHERMAT-BRANCH 02.bmp,3128,2207830
UI_GATHERMAT-BRASSMEDAL01.bmp,3128,2210958
UI_GATHERMAT-Breastplateofswordman.bmp,3128,2214086
UI_GATHERMAT-Bronzearmor.bmp,3128,2217214
UI_GATHERMAT-Bronzehelmet.bmp,3128,2220342
UI_GATHERMAT-BRONZEPIECE 01.bmp,3128,2223470
UI_GATHERMAT-CHARM01.bmp,3128,2226598
UI_GATHERMAT-CHARM02.bmp,3128,2229726
UI_GATHERMAT-christmaspocket.bmp,4152,2232854
UI_GATHERMAT-Clayinkstone.bmp,3128,2237006
UI_GATHERMAT-COAL01.bmp,3128,2240134
UI_GATHERMAT-COAL02.bmp,3128,2243262
UI_GATHERMAT-COAL03.bmp,3128,2246390
UI_GATHERMAT-Cobweb01.bmp,3128,2249518
UI_GATHERMAT-Cottonmeasuringtape.bmp,3128,2252646
UI_GATHERMAT-COWSKEL 01.bmp,3128,2255774
UI_GATHERMAT-COWSKEL 02.bmp,3128,2258902
UI_GATHERMAT-crystal01.bmp,3128,2262030
UI_GATHERMAT-crystal02.bmp,4152,2265158
UI_GATHERMAT-CuttingCloth.bmp,3128,2269310
UI_GATHERMAT-CuttingThread.bmp,3128,2272438
UI_GATHERMAT-DECOCOWSKEL 01.bmp,3128,2275566
UI_GATHERMAT-DECOCOWSKEL 02.bmp,3128,2278694
UI_GATHERMAT-DecorationHobnail.bmp,3128,2281822
UI_GATHERMAT-DRILLTOOTH01.bmp,3128,2284950
UI_GATHERMAT-DRILLTOOTH02.bmp,3128,2288078
UI_GATHERMAT-DRILLTOOTH03.bmp,3128,2291206
UI_GATHERMAT-DRUMSTICK 01.bmp,3128,2294334
UI_GATHERMAT-Eyeballofswordman.bmp,3128,2297462
UI_GATHERMAT-FeatherofLegendBird.bmp,3128,2300590
UI_GATHERMAT-FIN 01.bmp,3128,2303718
UI_GATHERMAT-FlagofHokutoseikun.bmp,3128,2306846
UI_GATHERMAT-FOXTAIL 01.bmp,3128,2309974
UI_GATHERMAT-Furbrush.bmp,3128,2313102
UI_GATHERMAT-Generalnameplate.bmp,3128,2316230
UI_GATHERMAT-Generalsword.bmp,3128,2319358
UI_GATHERMAT-Glue.bmp,3128,2322486
UI_GATHERMAT-GOLDMEDAL01.bmp,3128,2325614
UI_GATHERMAT-HEADBAND01.bmp,3128,2328742
UI_GATHERMAT-HEADBAND02.bmp,3128,2331870
UI_GATHERMAT-HEADBAND03.bmp,3128,2334998
UI_GATHERMAT-HEADDECO 01.bmp,3128,2338126
UI_GATHERMAT-Headofswordman.bmp,3128,2341254
UI_GATHERMAT-HELLHEAD 01.bmp,3128,2344382
UI_GATHERMAT-Helmetofswordman.bmp,3128,2347510
UI_GATHERMAT-HORN01.bmp,3128,2350638
UI_GATHERMAT-HORN02.bmp,3128,2353766
UI_GATHERMAT-HORN03.bmp,3128,2356894
UI_GATHERMAT-HORN04.bmp,3128,2360022
UI_GATHERMAT-HORN05.bmp,3128,2363150
UI_GATHERMAT-Hornbow.bmp,3128,2366278
UI_GATHERMAT-HORSEHOOP 01.bmp,3128,2369406
UI_GATHERMAT-IncreaseSteel.bmp,3128,2372534
UI_GATHERMAT-IVORY 01.bmp,3128,2375662
UI_GATHERMAT-Jadehairpin.bmp,3128,2378790
UI_GATHERMAT-Jadetrinket.bmp,3128,2381918
UI_GATHERMAT-JATUWING.BMP,3128,2385046
UI_GATHERMAT-KINGKEY 01.bmp,3128,2388174
UI_GATHERMAT-Koreanpaper.bmp,3128,2391302
UI_GATHERMAT-LeftRoyalSeal.bmp,3128,2394430
UI_GATHERMAT-Legofswordman.bmp,3128,2397558
UI_GATHERMAT-LightShell01.bmp,3128,2400686
UI_GATHERMAT-MARABLACKBLOOD.BMP,3128,2403814
UI_GATHERMAT-MARABLOOD.bmp,3128,2406942
UI_GATHERMAT-MARAORIGINALSUM 01.bmp,3128,2410070
UI_GATHERMAT-METALCHAIN 01.bmp,3128,2413198
UI_GATHERMAT-MONKEYHEADBAND 01.bmp,3128,2416326
UI_GATHERMAT-Muskpouch.bmp,3128,2419454
UI_GATHERMAT-NORTHSOLDIERHAT 01.bmp,3128,2422582
UI_GATHERMAT-Oldmappiece.bmp,3128,2425710
UI_GATHERMAT-Pineinkstick.bmp,3128,2428838
UI_GATHERMAT-PLAGUEGHOSTARM 01.bmp,3128,2431966
UI_GATHERMAT-POISONSTING 01.bmp,3128,2435094
UI_GATHERMAT-ProcessingSkin.bmp,3128,2438222
UI_GATHERMAT-RAKE 01.bmp,3128,2441350
UI_GATHERMAT-REDROSE 01.bmp,3128,2444478
UI_GATHERMAT-RightRoyalSeal.bmp,3128,2447606
UI_GATHERMAT-Shagbrush.bmp,3128,2450734
UI_GATHERMAT-SILVERMASK 01.bmp,3128,2453862
UI_GATHERMAT-SILVERMEDAL01.bmp,3128,2456990
UI_GATHERMAT-Silvermirror.bmp,3128,2460118
UI_GATHERMAT-SKIN01.bmp,3128,2463246
UI_GATHERMAT-SKUL 01.bmp,3128,2466374
UI_GATHERMAT-SKUL 02.bmp,3128,2469502
UI_GATHERMAT-SKULNECKLACE 01.bmp,3128,2472630
UI_GATHERMAT-SNAKETAIL 01.bmp,3128,2475758
UI_GATHERMAT-SNAKETAIL 02.bmp,3128,2478886
UI_GATHERMAT-SOULBEAD.bmp,3128,2482014
UI_GATHERMAT-STORNHEART01.bmp,3128,2485142
UI_GATHERMAT-STORNHEART02.bmp,3128,2488270
UI_GATHERMAT-STORNHEART03.bmp,3128,2491398
UI_GATHERMAT-TEXTILEPIECE01.bmp,3128,2494526
UI_GATHERMAT-TEXTILEPIECE02.bmp,3128,2497654
UI_GATHERMAT-TEXTILEPIECE03.bmp,3128,2500782
UI_GATHERMAT-THROWSPEARBOX 01.bmp,3128,2503910
UI_GATHERMAT-TIGERSKIN 01.bmp,3128,2507038
UI_GATHERMAT-TOENAIL 01.bmp,3128,2510166
UI_GATHERMAT-TOENAIL 02.bmp,3128,2513294
UI_GATHERMAT-ToughSkin.bmp,3128,2516422
UI_GATHERMAT-TROOPSNUMBER 01.bmp,3128,2519550
UI_GATHERMAT-Trousersofswordman.bmp,3128,2522678
UI_GATHERMAT-TUTLEBACKSKIN 01.bmp,3128,2525806
UI_GATHERMAT-WHITETIGERSKIN 01.bmp,3128,2528934
UI_GATHERMAT-¿ëÀÇºñ´Ã.bmp,3128,2532062
UI_GATHERMAT_antenna.bmp,3126,2535190
UI_GATHERMAT_bloodtie.bmp,3126,2538316
UI_GATHERMAT_bluenecklace.bmp,3126,2541442
UI_Gathermat_Born.bmp,3128,2544568
UI_Gathermat_Born2.bmp,3128,2547696
UI_GATHERMAT_bracelet.bmp,3126,2550824
UI_GATHERMAT_brokenaxe.bmp,3126,2553950
UI_GATHERMAT_brokenclaw.bmp,3126,2557076
UI_GATHERMAT_brokenstaff.bmp,3126,2560202
UI_GATHERMAT_brokensword.bmp,3126,2563328
UI_GATHERMAT_bump.bmp,3126,2566454
UI_Gathermat_crystal2.bmp,3128,2569580
UI_GATHERMAT_cushion.bmp,3126,2572708
UI_GATHERMAT_fin.bmp,3126,2575834
UI_GATHERMAT_hamazaleg.bmp,3126,2578960
UI_Gathermat_Heartofdragon.bmp,3128,2582086
UI_GATHERMAT_helmofking.bmp,3126,2585214
UI_GATHERMAT_magicbook.bmp,3126,2588340
UI_GATHERMAT_maraleash.bmp,3126,2591466
UI_GATHERMAT_Mining.bmp,3128,2594592
UI_GATHERMAT_nail3.bmp,3126,2597720
UI_GATHERMAT_oldiron-01.bmp,3126,2600846
UI_GATHERMAT_pieceoftooth.bmp,3126,2603972
UI_GATHERMAT_piplicaegg.bmp,3126,2607098
UI_GATHERMAT_Plant.bmp,3128,2610224
UI_GATHERMAT_prasava.bmp,3128,2613352
UI_GATHERMAT_redensign.bmp,3126,2616480
UI_GATHERMAT_ResetQuest.bmp,3128,2619606
UI_GATHERMAT_spiderfoot.bmp,3126,2622734
UI_GATHERMAT_swordofking.bmp,3126,2625860
UI_GATHERMAT_toy.bmp,3126,2628986
UI_GATHERMAT_underwear.bmp,3126,2632112
UI_GATHERMAT_zombiehead.bmp,3126,2635238
UI_GATHERWEAPON-AXE01.bmp,3128,2638364
UI_GATHERWEAPON-BLUNT01.bmp,3128,2641492
UI_GATHERWEAPON-MAGIC01.bmp,3128,2644620
UI_GATHERWEAPON-SPEAR01.bmp,3128,2647748
UI_GATHERWEAPON-SPEAR02.bmp,3128,2650876
UI_GATHERWEAPON-SWORD01.bmp,3128,2654004
UI_GATHERWEAPON-SWORD02.bmp,3128,2657132
UI_GATHERWEAPON-SWORD03.bmp,3128,2660260
UI_Gems_UtaLamate .bmp,3128,2663388
UI_Gems_UtaSampad .bmp,3128,2666516
UI_Gems_veDante .bmp,3128,2669644
UI_ITEM_medaloftheking.bmp,3128,2672772
UI_ITEM_summonfigure.bmp,3128,2675900
UI_KATANA3_GB_goldbar.bmp,3128,2679028
UI_KATANA3_GB_goldbuddha.bmp,3128,2682156
UI_KATANA3_GB_goldcalf.bmp,3128,2685284
UI_KATANA3_GB_goldtoad.bmp,3128,2688412
UI_KATANA3_GB_gumption.bmp,3128,2691540
UI_KATANA3_MON_backtooth.bmp,3128,2694668
UI_KATANA3_MON_breaknail.bmp,3128,2697796
UI_KATANA3_MON_charm.bmp,3128,2700924
UI_KATANA3_MON_fan.bmp,3128,2704052
UI_KATANA3_MON_farmercon.bmp,3128,2707180
UI_KATANA3_MON_gappahat.bmp,3128,2710308
UI_KATANA3_MON_gappashell.bmp,3128,2713436
UI_KATANA3_MON_lamphandle.bmp,3128,2716564
UI_KATANA3_MON_minercon.bmp,3128,2719692
UI_KATANA3_MON_tearleather.bmp,3128,2722820
UI_KATANA3_MON_warhat.bmp,3128,2725948
UI_MonItem_Abha.bmp,3128,2729076
UI_MonItem_Cattra.bmp,3128,2732204
UI_MonItem_Haoma.bmp,3128,2735332
UI_MonItem_Haridrava.bmp,3128,2738460
UI_MonItem_Sutika.bmp,3128,2741588
UI_MonItem_Vadhi.bmp,3128,2744716
UI_Mount_Car.bmp,3128,2747844
UI_Mount_Chair.bmp,3128,2750972
UI_Mount_Cow.bmp,3128,2754100
UI_Mount_Dragon.bmp,3128,2757228
UI_Mount_Elephant01.bmp,3128,2760356
UI_Mount_Elephant02.bmp,3128,2763484
UI_Mount_Elephant03.bmp,3128,2766612
UI_Mount_Tiger.bmp,3128,2769740
UI_Mount_Tiger2.bmp,3128,2772868
UI_Mount_Tiger3.bmp,3128,2775996
UI_package_refine_ajis.bmp,3126,2779124
UI_package_refine_gav.bmp,3126,2782250
UI_package_refine_kund.bmp,3126,2785376
UI_package_refine_prazati.bmp,3126,2788502
UI_package_refine_shampad.bmp,3126,2791628
UI_package_refine_surapa.bmp,3126,2794754
UI_package_refine_zad.bmp,3126,2797880
UI_PetSkill_baekho1.bmp,3128,2801006
UI_PetSkill_chatu01_32.bmp,3128,2804134
UI_PetSkill_chatu02_32.bmp,3128,2807262
UI_PetSkill_chatu03_32.bmp,3128,2810390
UI_PetSkill_chunho1.bmp,3128,2813518
UI_PetSkill_chunho2.bmp,3128,2816646
UI_PetSkill_Harman1.bmp,3126,2819774
UI_PetSkill_Harman2.bmp,3126,2822900
UI_PetSkill_Kruma1.bmp,3126,2826026
UI_PetSkill_Kruma2.bmp,3126,2829152
UI_PetSkill_laughutava_32.bmp,3128,2832278
UI_PetSkill_Masan1.bmp,3128,2835406
UI_PetSkill_matra_32.bmp,3128,2838534
UI_PetSkill_Mulekcha1.bmp,3128,2841662
UI_PetSkill_Musha1.bmp,3128,2844790
UI_PetSkill_Musha2.bmp,3128,2847918
UI_PetSkill_parcint_32.bmp,3128,2851046
UI_PetSkill_partrvha_32.bmp,3128,2854174
UI_PetSkill_parvha_32.bmp,3128,2857302
UI_PetSkill_Pink01.bmp,3126,2860430
UI_PetSkill_Pink02.bmp,3126,2863556
UI_PetSkill_Pink03.bmp,3126,2866682
UI_Pet_Baekho.bmp,3128,2869808
UI_Pet_bhasat_32.bmp,3126,2872936
UI_Pet_Chatting_01.bmp,3128,2876062
UI_Pet_Chatting_02.bmp,3128,2879190
UI_Pet_chaturangaarmy_32.bmp,3128,2882318
UI_Pet_EliphantPink.bmp,3126,2885446
UI_Pet_food01_32.bmp,3126,2888572
UI_Pet_food02_32.bmp,3126,2891698
UI_Pet_food03_32.bmp,3126,2894824
UI_Pet_food04_32.bmp,3126,2897950
UI_Pet_ganesha_32.bmp,3126,2901076
UI_Pet_Girlghost.bmp,3128,2904202
UI_Pet_Harman.bmp,3126,2907330
UI_Pet_Kruma.bmp,3126,2910456
UI_Pet_Masan.bmp,3128,2913582
UI_Pet_matsya_32.bmp,3126,2916710
UI_Pet_Mulekcha.bmp,3128,2919836
UI_Pet_Musha.bmp,3128,2922964
UI_Pet_pranaup_01.bmp,3128,2926092
UI_Pet_pranaup_02.bmp,3128,2929220
UI_Pet_resurrect2_01.bmp,3128,2932348
UI_Pet_resurrection_32.bmp,3126,2935476
UI_PET_Syena.bmp,3128,2938602
UI_Prodcut_DurUp.bmp,3126,2941730
UI_Product_AllResist.bmp,3834,2944856
UI_Product_AttRate.bmp,3126,2948690
UI_Product_ChangeChakra.bmp,3834,2951816
UI_Product_Damage01.bmp,3834,2955650
UI_Product_Damage02.bmp,3834,2959484
UI_Product_Damage03.bmp,3834,2963318
UI_Product_Damage04.bmp,3834,2967152
UI_Product_Damage05.bmp,3834,2970986
UI_Product_Deffence01.bmp,3126,2974820
UI_Product_Deffence02.bmp,3126,2977946
UI_Product_Deffence03.bmp,3126,2981072
UI_Product_Deffence04.bmp,3126,2984198
UI_Product_Deffence05.bmp,3126,2987324
UI_Product_DodgeRate.bmp,3126,2990450
UI_Product_Elemental01.bmp,3126,2993576
UI_Product_Elemental02.bmp,3126,2996702
UI_Product_Elemental03.bmp,3126,2999828
UI_Product_Elemental04.bmp,3126,3002954
UI_Product_Elemental05.bmp,3126,3006080
UI_Product_Heart01.bmp,3126,3009206
UI_Product_Heart02.bmp,3126,3012332
UI_Product_Heart03.bmp,3126,3015458
UI_Product_MaxHP01.bmp,3126,3018584
UI_Product_MaxHP02.bmp,3126,3021710
UI_Product_MaxHP03.bmp,3126,3024836
UI_Product_MaxHP04.bmp,3126,3027962
UI_Product_MaxHP05.bmp,3126,3031088
UI_Product_MaxHPTP.bmp,3126,3034214
UI_Product_MaxTP01.bmp,3126,3037340
UI_Product_MaxTP02.bmp,3126,3040466
UI_Product_MaxTP03.bmp,3126,3043592
UI_Product_MaxTP04.bmp,3126,3046718
UI_Product_MaxTP05.bmp,3126,3049844
UI_Product_Mind01.bmp,3126,3052970
UI_Product_Mind02.bmp,3126,3056096
UI_Product_Mind03.bmp,3126,3059222
UI_Product_Muscle01.bmp,3126,3062348
UI_Product_Muscle02.bmp,3126,3065474
UI_Product_Muscle03.bmp,3126,3068600
UI_Product_Nerves01.bmp,3126,3071726
UI_Product_Nerves02.bmp,3126,3074852
UI_Product_Nerves03.bmp,3126,3077978
UI_Product_Pet01.bmp,3126,3081104
UI_Product_Pet02.bmp,3126,3084230
UI_Product_Pet03.bmp,3254,3087356
UI_Product_RecoverHP01.bmp,3126,3090610
UI_Product_RecoverHP02.bmp,3126,3093736
UI_Product_RecoverHP03.bmp,3126,3096862
UI_Product_RecoverHP04.bmp,3126,3099988
UI_Product_RecoverHP05.bmp,3126,3103114
UI_Product_RecoverTP01.bmp,3126,3106240
UI_Product_RecoverTP02.bmp,3126,3109366
UI_Product_RecoverTP03.bmp,3126,3112492
UI_Product_RecoverTP04.bmp,3126,3115618
UI_Product_RecoverTP05.bmp,3126,3118744
UI_Product_RepairItem.bmp,3126,3121870
UI_Product_ResBlind.bmp,3126,3124996
UI_Product_ResBolt01.bmp,3126,3128122
UI_Product_ResBolt02.bmp,3126,3131248
UI_Product_ResBolt03.bmp,3126,3134374
UI_Product_ResBolt04.bmp,3126,3137500
UI_Product_ResBolt05.bmp,3126,3140626
UI_Product_ResFire01.bmp,3126,3143752
UI_Product_ResFire02.bmp,3126,3146878
UI_Product_ResFire03.bmp,3126,3150004
UI_Product_ResFire04.bmp,3126,3153130
UI_Product_ResFire05.bmp,3126,3156256
UI_Product_ResHold.bmp,3126,3159382
UI_Product_ResIce01.bmp,3126,3162508
UI_Product_ResIce02.bmp,3126,3165634
UI_Product_ResIce03.bmp,3126,3168760
UI_Product_ResIce04.bmp,3126,3171886
UI_Product_ResIce05.bmp,3126,3175012
UI_Product_ResPoison01.bmp,3126,3178138
UI_Product_ResPoison02.bmp,3126,3181264
UI_Product_ResPoison03.bmp,3126,3184390
UI_Product_ResPoison04.bmp,3126,3187516
UI_Product_ResPoison05.bmp,3126,3190642
UI_Product_ResSleep.bmp,3126,3193768
UI_Product_ResStun.bmp,3126,3196894
UI_QUEST-ABIKARAPROOF-01.bmp,3128,3200020
UI_QUEST-AFLOWERBASKET.bmp,3128,3203148
UI_QUEST-BANARPROOF-01.bmp,3128,3206276
UI_QUEST-BLOODCLOTH-01.bmp,3128,3209404
UI_QUEST-BOUQUET.bmp,3128,3212532
UI_QUEST-BOWOFGOD-01.bmp,3128,3215660
UI_QUEST-BOWSTRINGTENDON-01.bmp,3128,3218788
UI_QUEST-braceletofwiseman.bmp,3128,3221916
UI_QUEST-BRAHMASERIAL-01.bmp,3128,3225044
UI_QUEST-BREAKBOUQUET.bmp,3128,3228172
UI_QUEST-BROKENSWORD-01.bmp,3128,3231300
UI_QUEST-bundleofmerchant.bmp,3128,3234428
UI_QUEST-capacitypill.bmp,3128,3237556
UI_QUEST-CERTIFICATEMAT01.bmp,3128,3240684
UI_QUEST-CERTIFICATEMAT02.bmp,3128,3243812
UI_QUEST-CERTIFICATEMAT03.bmp,3128,3246940
UI_QUEST-CHAKRAINIT 01.bmp,3128,3250068
UI_QUEST-CHARM01.bmp,3128,3253196
UI_QUEST-CLOTH01.bmp,3128,3256324
UI_QUEST-CLOTH02.bmp,3128,3259452
UI_QUEST-COLAR01.bmp,3128,3262580
UI_QUEST-COLAR02.bmp,3128,3265708
UI_QUEST-COLAR03.bmp,3128,3268836
UI_QUEST-COLAR04.bmp,3128,3271964
UI_QUEST-DRUKAPROOF-01.bmp,3128,3275092
UI_QUEST-earringofmilitiaofficer.bmp,3128,3278220
UI_QUEST-earringofwiseman.bmp,3128,3281348
UI_QUEST-EGG01.bmp,3128,3284476
UI_QUEST-FRIENDNAMECLOTH-01.bmp,3128,3287604
UI_QUEST-GLUECELL-01.bmp,3128,3290732
UI_QUEST-GUILDCERTIFICATE01.bmp,3128,3293860
UI_QUEST-ignitionchemical.bmp,3128,3296988
UI_QUEST-KARYAPROOF-01.bmp,3128,3300116
UI_QUEST-lefteyeofape.bmp,3128,3303244
UI_QUEST-LETTER01.bmp,3128,3306372
UI_QUEST-LETTER02.bmp,3128,3309500
UI_QUEST-LETTER03.bmp,3128,3312628
UI_QUEST-letteroflizard.bmp,3128,3315756
UI_QUEST-METALPIECE-01.bmp,3128,3318884
UI_QUEST-MOONCOWSHORNS-01.bmp,3128,3322012
UI_QUEST-NAKAYUDAPROOF-01.bmp,3128,3325140
UI_QUEST-OTHERWORLDRETURN01.bmp,3128,3328268
UI_QUEST-PAPERPIECE-01.bmp,3128,3331396
UI_QUEST-PILGRIMAGEVOUCHER.bmp,3128,3334524
UI_QUEST-RAPBOX01.bmp,3128,3337652
UI_QUEST-RAPBOX02.bmp,3128,3340780
UI_QUEST-SAMABATPROOF-01.bmp,3128,3343908
UI_QUEST-SATYAPROOF-01.bmp,3128,3347036
UI_QUEST-SCRIPTURE01.bmp,3128,3350164
UI_QUEST-SIBASERIAL-01.bmp,3128,3353292
UI_QUEST-SKILLINIT 01.bmp,3128,3356420
UI_QUEST-SKINBAG01.bmp,3128,3359548
UI_QUEST-SKINBAG02.bmp,3128,3362676
UI_QUEST-STAMAVAS.bmp,3128,3365804
UI_QUEST-STRAPLEATHER-01.bmp,3128,3368932
UI_QUEST-SUCCESSPAPER-01.bmp,3128,3372060
UI_QUEST-TESTPROOF-01.bmp,3128,3375188
UI_QUEST-tigerhead.bmp,3128,3378316
UI_QUEST-toolbagofartisan.bmp,3128,3381444
UI_QUEST-TOUGHTHREAD-01.bmp,3128,3384572
UI_QUEST-unisonpill.bmp,3128,3387700
UI_QUEST-VIDYAPROOF-01.bmp,3128,3390828
UI_QUEST-VISHUNUSERIAL-01.bmp,3128,3393956
UI_Quest_anvil.bmp,3128,3397084
UI_QUEST_barnaknight.bmp,3128,3400212
UI_QUEST_BOOKONE.bmp,3126,3403340
UI_QUEST_BOOKThree.bmp,3126,3406466
UI_QUEST_BOOKTWO.bmp,3126,3409592
UI_Quest_BossMob.bmp,3128,3412718
UI_QUEST_calabash.bmp,3128,3415846
UI_QUEST_chronicles.bmp,3128,3418974
UI_QUEST_emperorsword.bmp,3128,3422102
UI_Quest_Gun.bmp,3128,3425230
UI_Quest_hammer.bmp,3128,3428358
UI_Quest_highqualiityacc_32.bmp,3128,3431486
UI_QUEST_Jadehairpin.bmp,3126,3434614
UI_QUEST_K3_asparagin.bmp,3128,3437740
UI_QUEST_K3_condition.bmp,3128,3440868
UI_QUEST_K3_daehwang.bmp,3128,3443996
UI_QUEST_K3_dongchoong.bmp,3128,3447124
UI_QUEST_K3_evidenceofhero1.bmp,3128,3450252
UI_QUEST_K3_evidenceofhero2.bmp,3128,3453380
UI_QUEST_K3_evidenceofhero3.bmp,3128,3456508
UI_QUEST_K3_evidenceofhero4.bmp,3128,3459636
UI_QUEST_K3_lotusflower.bmp,3128,3462764
UI_QUEST_K3_moonshine.bmp,3128,3465892
UI_QUEST_K3_moonshine2.bmp,3128,3469020
UI_QUEST_K3_MUDA_clay.bmp,3126,3472148
UI_QUEST_K3_MUDA_deadeye.bmp,3126,3475274
UI_QUEST_K3_MUDA_fruit.bmp,3126,3478400
UI_QUEST_K3_MUDA_leaf.bmp,3126,3481526
UI_QUEST_K3_MUDA_moonlight.bmp,3126,3484652
UI_QUEST_K3_MUDA_pongpong.bmp,3126,3487778
UI_QUEST_K3_MUDA_SKULL.bmp,3126,3490904
UI_QUEST_K3_MUDA_steel.bmp,3126,3494030
UI_QUEST_K3_MUDA_sujung.bmp,3126,3497156
UI_QUEST_K3_mushroom.bmp,3128,3500282
UI_QUEST_K3_picture.bmp,3128,3503410
UI_QUEST_K3_ramayana.bmp,3128,3506538
UI_QUEST_K3_riceflour.bmp,3128,3509666
UI_QUEST_K3_samcho.bmp,3128,3512794
UI_QUEST_K3_statuaryofsarasbati.bmp,3128,3515922
UI_QUEST_K3_sugribha.bmp,3128,3519050
UI_QUEST_K3_voucherofnaoki.bmp,3128,3522178
UI_QUEST_K3_voucherofyuri.bmp,3128,3525306
UI_QUEST_oldmap.bmp,3128,3528434
UI_QUEST_restofcorpse.bmp,3128,3531562
UI_QUEST_restoredrug.bmp,3128,3534690
UI_QUEST_tisanesPOT.bmp,3126,3537818
UI_Quest_weapon.bmp,3128,3540944
UI_SAFARI_TICKET.BMP,3128,3544072
UI_Totem_darani1_32.bmp,3128,3547200
UI_Totem_darani2_32.bmp,3128,3550328
UI_Totem_darani3_32.bmp,3128,3553456
UI_Totem_darani4_32.bmp,3128,3556584
UI_WEAPON-AXE01.bmp,3128,3559712
UI_WEAPON-AXE02.bmp,3128,3562840
UI_WEAPON-AXE03.bmp,3128,3565968
UI_WEAPON-AXE04.bmp,3128,3569096
UI_WEAPON-AXE05.bmp,3128,3572224
UI_WEAPON-AXE06.bmp,3128,3575352
UI_WEAPON-AXE07.bmp,3128,3578480
UI_WEAPON-AXE08.bmp,3128,3581608
UI_WEAPON-AXE09.bmp,3128,3584736
UI_WEAPON-AXE10.bmp,3128,3587864
UI_WEAPON-AXE11.bmp,3128,3590992
UI_WEAPON-AXE12.bmp,3128,3594120
UI_WEAPON-AXE13.bmp,3128,3597248
UI_WEAPON-AXE14.bmp,3128,3600376
UI_WEAPON-AXE15.bmp,3128,3603504
UI_WEAPON-AXE16.bmp,3128,3606632
UI_WEAPON-AXE17.bmp,3128,3609760
UI_WEAPON-AXE18.bmp,3128,3612888
UI_WEAPON-AXE19 copy.bmp,3128,3616016
UI_WEAPON-AXE19.bmp,3128,3619144
UI_WEAPON-AXE20.bmp,3128,3622272
UI_WEAPON-AXE21.bmp,3128,3625400
UI_WEAPON-BLUNT-01 copy.bmp,3128,3628528
UI_WEAPON-BLUNT01.bmp,3128,3631656
UI_WEAPON-BLUNT02.bmp,3128,3634784
UI_WEAPON-BLUNT03.bmp,3128,3637912
UI_WEAPON-BLUNT04.bmp,3128,3641040
UI_WEAPON-BLUNT05.bmp,3128,3644168
UI_WEAPON-BLUNT06.bmp,3128,3647296
UI_WEAPON-BLUNT07.bmp,3128,3650424
UI_WEAPON-BLUNT08.bmp,3128,3653552
UI_WEAPON-BLUNT09 copy.bmp,3128,3656680
UI_WEAPON-BLUNT09.bmp,3128,3659808
UI_WEAPON-BLUNT10.bmp,3128,3662936
UI_WEAPON-BOW-01 copy.bmp,3128,3666064
UI_WEAPON-BOW_BAKURACAPA copy.bmp,3128,3669192
UI_WEAPON-BOW_BAKURACAPA.BMP,3128,3672320
UI_WEAPON-BOW_DANBA.BMP,3128,3675448
UI_WEAPON-BOW_DARAPACALA.BMP,3128,3678576
UI_WEAPON-BOW_HASTACAPA.BMP,3128,3681704
UI_WEAPON-BOW_KAPA.bmp,3128,3684832
UI_WEAPON-BOW_PAKALA.bmp,3128,3687960
UI_WEAPON-BOW_PUSPACAPA.bmp,3128,3691088
UI_WEAPON-BOW_RODAPACALA.BMP,3128,3694216
UI_WEAPON-BOW_URNACAPA.BMP,3128,3697344
UI_WEAPON-ChrisunaAXE01.bmp,3126,3700472
UI_WEAPON-ChrisunaFIGHT01.bmp,3126,3703598
UI_WEAPON-DAGGER-01 copy.bmp,3128,3706724
UI_WEAPON-FIGHT01.bmp,3128,3709852
UI_WEAPON-FIGHT02.bmp,3128,3712980
UI_WEAPON-FIGHT03.bmp,3128,3716108
UI_WEAPON-FIGHT04.bmp,3128,3719236
UI_WEAPON-FIGHT05.bmp,3128,3722364
UI_WEAPON-FIGHT06.bmp,3128,3725492
UI_WEAPON-FIGHT07.bmp,3128,3728620
UI_WEAPON-FIGHT08 copy.bmp,3128,3731748
UI_WEAPON-FIGHT08.bmp,3128,3734876
UI_WEAPON-FIGHT09.bmp,3128,3738004
UI_WEAPON-FIGHT10.bmp,3128,3741132
UI_WEAPON-FIGHT11.bmp,3128,3744260
UI_WEAPON-FIGHT12.bmp,3128,3747388
UI_WEAPON-FIGHTGLOVE-01 copy.bmp,3128,3750516
UI_WEAPON-FIGHTx1.bmp,3128,3753644
UI_WEAPON-MAGIC01.bmp,3128,3756772
UI_WEAPON-MAGIC02.bmp,3128,3759900
UI_WEAPON-MAGIC03.bmp,3128,3763028
UI_WEAPON-MAGIC04.bmp,3128,3766156
UI_WEAPON-MAGIC05.bmp,3128,3769284
UI_WEAPON-MAGIC06.bmp,3128,3772412
UI_WEAPON-MAGIC07.bmp,3128,3775540
UI_WEAPON-MAGIC08.bmp,3128,3778668
UI_WEAPON-MAGIC09.bmp,3128,3781796
UI_WEAPON-MAGIC10.bmp,3128,3784924
UI_WEAPON-MAGIC11 copy.bmp,3128,3788052
UI_WEAPON-MAGIC11.bmp,3128,3791180
UI_WEAPON-MAGIC12.bmp,3128,3794308
UI_WEAPON-MAGIC13.bmp,3128,3797436
UI_WEAPON-MAGIC14.bmp,3128,3800564
UI_WEAPON-MAGIC15.bmp,3128,3803692
UI_WEAPON-MAGIC16.bmp,3128,3806820
UI_WEAPON-MAGIC17.bmp,3128,3809948
UI_WEAPON-MAGIC18 copy.bmp,3128,3813076
UI_WEAPON-MAGIC18.bmp,3128,3816204
UI_WEAPON-MAGIC19.bmp,3128,3819332
UI_WEAPON-MAGIC20.bmp,3128,3822460
UI_WEAPON-ONEHANDMAGIC-01 copy.bmp,3128,3825588
UI_WEAPON-ONEHANDSWORD-01 copy.bmp,3128,3828716
UI_WEAPON-RANK11_BLUNT-01.bmp,3128,3831844
UI_WEAPON-RANK11_BOW-01.bmp,3128,3834972
UI_WEAPON-RANK11_DAGGER-01.bmp,3128,3838100
UI_WEAPON-RANK11_FIGHTGLOVE-01.bmp,3128,3841228
UI_WEAPON-RANK11_ONEHANDAXE-01.bmp,3128,3844356
UI_WEAPON-RANK11_ONEHANDMAGIC-01.bmp,3128,3847484
UI_WEAPON-RANK11_ONEHANDSWORD-01.bmp,3128,3850612
UI_WEAPON-RANK11_SHIELD-01.bmp,3128,3853740
UI_WEAPON-RANK11_SPEAR-01.bmp,3128,3856868
UI_WEAPON-RANK11_TWOHANDAXE-01.bmp,3128,3859996
UI_WEAPON-RANK11_TWOHANDMAGIC-01.bmp,3128,3863124
UI_WEAPON-RANK11_TWOHANDSWORD-01.bmp,3128,3866252
UI_WEAPON-SHORTSWORD01.bmp,3128,3869380
UI_WEAPON-SHORTSWORD02.bmp,3128,3872508
UI_WEAPON-SHORTSWORD03.bmp,3128,3875636
UI_WEAPON-SHORTSWORD04.bmp,3128,3878764
UI_WEAPON-SHORTSWORD05.bmp,3128,3881892
UI_WEAPON-SHORTSWORD06.bmp,3128,3885020
UI_WEAPON-SHORTSWORD07.bmp,3128,3888148
UI_WEAPON-SHORTSWORD08.bmp,3128,3891276
UI_WEAPON-SHORTSWORD09.bmp,3128,3894404
UI_WEAPON-SHORTSWORD10.bmp,3128,3897532
UI_WEAPON-SHORTSWORD11 copy.bmp,3128,3900660
UI_WEAPON-SHORTSWORD11.bmp,3128,3903788
UI_WEAPON-SHORTSWORD12.bmp,3128,3906916
UI_WEAPON-SPEAR-01 copy.bmp,3128,3910044
UI_WEAPON-SPEAR01.bmp,3128,3913172
UI_WEAPON-SPEAR02.bmp,3128,3916300
UI_WEAPON-SPEAR03.bmp,3128,3919428
UI_WEAPON-SPEAR04.bmp,3128,3922556
UI_WEAPON-SPEAR05.bmp,3128,3925684
UI_WEAPON-SPEAR06 copy.bmp,3128,3928812
UI_WEAPON-SPEAR06.bmp,3128,3931940
UI_WEAPON-SPEAR07.bmp,3128,3935068
UI_WEAPON-SPEAR08.bmp,3128,3938196
UI_WEAPON-SPEAR09.bmp,3128,3941324
UI_WEAPON-SPEAR10.bmp,3128,3944452
UI_WEAPON-SPEAR11.bmp,3128,3947580
UI_WEAPON-SWORD01.bmp,3128,3950708
UI_WEAPON-SWORD02.bmp,3128,3953836
UI_WEAPON-SWORD03.bmp,3128,3956964
UI_WEAPON-SWORD04.bmp,3128,3960092
UI_WEAPON-SWORD05.bmp,3128,3963220
UI_WEAPON-SWORD06.bmp,3128,3966348
UI_WEAPON-SWORD07.bmp,3128,3969476
UI_WEAPON-SWORD08.bmp,3128,3972604
UI_WEAPON-SWORD09.bmp,3128,3975732
UI_WEAPON-SWORD10.bmp,3128,3978860
UI_WEAPON-SWORD11.bmp,3128,3981988
UI_WEAPON-SWORD12.bmp,3128,3985116
UI_WEAPON-SWORD13 copy.bmp,3128,3988244
UI_WEAPON-SWORD13.bmp,3128,3991372
UI_WEAPON-SWORD14.bmp,3128,3994500
UI_WEAPON-SWORD15.bmp,3128,3997628
UI_WEAPON-SWORD16.bmp,3128,4000756
UI_WEAPON-SWORD17.bmp,3128,4003884
UI_WEAPON-SWORD18.bmp,3128,4007012
UI_WEAPON-SWORD19.bmp,3128,4010140
UI_WEAPON-SWORD20.bmp,3128,4013268
UI_WEAPON-TWOHANDAXE-01 copy.bmp,3128,4016396
UI_WEAPON-TWOHANDMAGIC-01 copy.bmp,3128,4019524
UI_WEAPON_15th_Axe1H.bmp,3128,4022652
UI_WEAPON_15th_Axe2H.bmp,3128,4025780
UI_WEAPON_15th_Blunt.bmp,3128,4028908
UI_WEAPON_15th_Bow.bmp,3128,4032036
UI_WEAPON_15th_Dagger.bmp,3128,4035164
UI_WEAPON_15th_GloveL.bmp,3128,4038292
UI_WEAPON_15th_Magic1H.bmp,3128,4041420
UI_WEAPON_15th_Magic2H.bmp,3128,4044548
UI_WEAPON_15th_Spear.bmp,3128,4047676
UI_WEAPON_15th_Sword1H.bmp,3128,4050804
UI_WEAPON_15th_Sword2H.bmp,3128,4053932
UI_WEAPON_AXE14.bmp,3126,4057060
UI_WEAPON_BLUNT14.bmp,3126,4060186
UI_WEAPON_BLUNT_kApota.bmp,3128,4063312
UI_WEAPON_BLUNT_tupRa.bmp,3126,4066440
UI_WEAPON_BOW14.bmp,3126,4069566
UI_WEAPON_BOW_bAhu.bmp,3128,4072692
UI_WEAPON_BOW_zArGgin.bmp,3126,4075820
UI_WEAPON_CLAW14.bmp,3126,4078946
UI_WEAPON_DAGGER14.bmp,3126,4082072
UI_WEAPON_DAGGER_kaTara.bmp,3126,4085198
UI_WEAPON_DAGGER_kRti.bmp,3128,4088324
UI_WEAPON_FIGHTGLOVE_pazutA.bmp,3126,4091452
UI_WEAPON_FIGHTGLOVE_ratni.bmp,3128,4094578
UI_WEAPON_ONEHANDAXE_MukhA.bmp,3126,4097706
UI_WEAPON_ONEHANDAXE_TaGka.bmp,3128,4100832
UI_WEAPON_ONEHANDMAGIC14.bmp,3126,4103960
UI_WEAPON_ONEHANDMAGIC_cASa.bmp,3128,4107086
UI_WEAPON_ONEHANDMAGIC_matrukA.bmp,3126,4110214
UI_Weapon_Rare_Axe1H.bmp,3128,4113340
UI_Weapon_Rare_Axe2H.bmp,3128,4116468
UI_Weapon_Rare_Blunt.bmp,3128,4119596
UI_Weapon_Rare_Bow.bmp,3128,4122724
UI_Weapon_Rare_Claw.bmp,3128,4125852
UI_Weapon_Rare_Dagger.bmp,3128,4128980
UI_Weapon_Rare_Spear.bmp,3128,4132108
UI_Weapon_Rare_Staff1H.bmp,3128,4135236
UI_Weapon_Rare_Staff2H.bmp,3128,4138364
UI_Weapon_Rare_Sword1H.bmp,3128,4141492
UI_Weapon_Rare_Sword2H.bmp,3128,4144620
UI_WEAPON_SPEAR14.bmp,3126,4147748
UI_WEAPON_SPEAR_athari.bmp,3128,4150874
UI_WEAPON_SPEAR_pASANa.bmp,3126,4154002
UI_WEAPON_SWORD14.bmp,3126,4157128
UI_WEAPON_SWORD_azri.bmp,3128,4160254
UI_WEAPON_SWORD_saShAka.bmp,3126,4163382
UI_WEAPON_TWOHANDAXE14.bmp,3126,4166508
UI_WEAPON_TWOHANDAXE_pArjava.bmp,3126,4169634
UI_WEAPON_TWOHANDAXE_TaGkavat.bmp,3128,4172760
UI_WEAPON_TWOHANDMAGIC14.bmp,3126,4175888
UI_WEAPON_TWOHANDMAGIC_koNA.bmp,3126,4179014
UI_WEAPON_TWOHANDMAGIC_Sunetra.bmp,3128,4182140
UI_WEAPON_TWOHANDSWORD14.bmp,3126,4185268
UI_WEAPON_TWOHANDSWORD_akSara.bmp,3128,4188394
UI_WEAPON_TWOHANDSWORD_nikartu.bmp,3126,4191522
